{
  "project_info": {
    "project_number": "134232280295",
    "project_id": "parking-cb5bc",
    "storage_bucket": "parking-cb5bc.appspot.com"
  },
  "client": [
    {
      "client_info": {
        "mobilesdk_app_id": "1:134232280295:android:e3f2d74a4ed33298fd6642",
        "android_client_info": {
          "package_name": "coding.insight.cleanuiloginregister"
        }
      },
      "oauth_client": [
        {
          "client_id": "134232280295-jj028bqvvsu7hnesv34prb5d1hno1fp8.apps.googleusercontent.com",
          "client_type": 3
        }
      ],
      "api_key": [
        {
          "current_key": "AIzaSyA0xC1EPHar85geKmEZbxpROkt-0FqOpW0"
        }
      ],
      "services": {
        "appinvite_service": {
          "other_platform_oauth_client": [
            {
              "client_id": "134232280295-jj028bqvvsu7hnesv34prb5d1hno1fp8.apps.googleusercontent.com",
              "client_type": 3
            }
          ]
        }
      }
    }
  ],
  "configuration_version": "1"
}